"Time (s)","Linear Acceleration x (m/s^2)","Linear Acceleration y (m/s^2)","Linear Acceleration z (m/s^2)","Absolute acceleration (m/s^2)"
2.136193100E-2,-7.973302007E-1,-3.376901627E0,1.654881477E0,3.844194681E0
3.134593100E-2,-7.970962524E-1,-3.376563072E0,1.654658318E0,3.843752693E0
4.133743100E-2,4.817827940E-1,-3.234626055E0,1.010163307E0,3.422769388E0
5.133176400E-2,3.622846603E-1,-2.996653557E0,8.204307556E-1,3.127984869E0
6.132726400E-2,1.828323007E-1,-2.856656790E0,1.032828331E0,3.043131615E0
7.132366400E-2,3.492105007E-2,-2.912342787E0,1.248318672E0,3.168794644E0
8.132066400E-2,1.921302080E-2,-2.914872408E0,1.331801414E0,3.204769150E0
9.131780600E-2,7.224720716E-2,-2.904588461E0,1.322902679E0,3.192479489E0
1.013150560E-1,9.161698818E-2,-2.960544109E0,1.202455521E0,3.196734955E0
1.113126110E-1,7.144916058E-2,-3.022742748E0,1.054088593E0,3.202058942E0
1.213102110E-1,4.478907585E-2,-3.102507591E0,8.725013733E-1,3.223168947E0
1.313078470E-1,-7.579377294E-2,-3.110205173E0,8.629026413E-1,3.228578927E0
1.413056800E-1,-1.095295548E-1,-3.132448196E0,8.996725082E-1,3.260926103E0
1.513035260E-1,-1.825045347E-1,-3.182549000E0,1.018188477E0,3.346435987E0
1.613015260E-1,-1.909039617E-1,-3.229339123E0,1.108386040E0,3.419589903E0
1.712995260E-1,-2.554798722E-1,-3.266637802E0,1.254737854E0,3.508640702E0
1.812975880E-1,-3.568573296E-1,-3.290240288E0,1.357034683E0,3.576950019E0
1.912957640E-1,-4.515637159E-1,-3.286909580E0,1.370447159E0,3.589681016E0
2.012940410E-1,-5.481693745E-1,-3.284496546E0,1.444286346E0,3.629651536E0
2.112923560E-1,-6.798558235E-1,-3.269496918E0,1.492864609E0,3.657930942E0
2.212907560E-1,-7.062352896E-1,-3.253560543E0,1.475326538E0,3.641567367E0
2.312892320E-1,-7.531784773E-1,-3.244104147E0,1.391869545E0,3.609541573E0
2.412876860E-1,-7.331443429E-1,-3.224841595E0,1.312242508E0,3.557960699E0
2.512862070E-1,-7.464517355E-1,-3.193959236E0,1.283216476E0,3.522103110E0
2.612846650E-1,-8.008054495E-1,-3.146483898E0,1.184885979E0,3.456241466E0
2.712832250E-1,-8.372735381E-1,-3.117596149E0,1.150828362E0,3.427074357E0
2.812817630E-1,-8.410747051E-1,-3.091727734E0,1.158758163E0,3.407184691E0
2.912802810E-1,-7.558047771E-1,-3.035119534E0,1.287589073E0,3.382466122E0
3.012788520E-1,-6.908247471E-1,-3.069282055E0,1.402943611E0,3.444703462E0
3.112774030E-1,-5.197521448E-1,-3.131372213E0,1.621878624E0,3.564565121E0
3.212759360E-1,-5.105776787E-1,-3.002693176E0,1.770559311E0,3.523029400E0
3.312750020E-1,-4.443290234E-1,-2.710193157E0,1.869896889E0,3.322512544E0
3.412740350E-1,-1.891121566E-1,-2.209635496E0,2.028439522E0,3.005464910E0
3.512730010E-1,3.826588988E-1,-1.787653446E0,2.267469406E0,2.912653461E0
3.612720010E-1,1.391205311E0,-1.492333412E0,2.698490143E0,3.382951416E0
3.712709340E-1,3.218008280E0,-1.670224190E0,3.041233063E0,4.732264223E0
3.812698000E-1,4.487233639E0,-1.847387791E0,3.242236137E0,5.836111938E0
3.912687330E-1,5.899408340E0,-2.062313080E0,3.062159538E0,6.959380364E0
4.012676660E-1,7.204281807E0,-2.347491264E0,2.508350372E0,7.981491914E0
4.112665990E-1,8.078176498E0,-2.710770845E0,1.766381264E0,8.702029469E0
4.212655320E-1,9.310629845E0,-3.312072277E0,8.030948639E-1,9.914767382E0
4.312644650E-1,1.081602764E1,-4.100444794E0,-7.130813599E-2,1.156741917E1
4.412633980E-1,1.138845158E1,-4.725648403E0,-4.381847382E-1,1.233777079E1
4.512623310E-1,9.795170784E0,-4.811456680E0,-1.741819382E-1,1.091447779E1
4.612611970E-1,6.248521805E0,-4.819126129E0,3.592863083E-1,7.899182745E0
4.712601300E-1,3.368215084E0,-4.927483559E0,6.766471863E-1,6.006897576E0
4.812590300E-1,1.022532940E0,-4.696075439E0,6.343793869E-1,4.847796959E0
4.912578630E-1,-9.803320169E-1,-4.740336895E0,1.160078049E-1,4.842034960E0
5.012566960E-1,-2.661519766E0,-5.170965672E0,-3.490715027E-1,5.826184374E0
5.112554960E-1,-4.880692482E0,-6.053594589E0,-4.187488556E-1,7.787330554E0
5.212542960E-1,-6.863975525E0,-8.376131058E0,-7.055592537E-1,1.085225992E1
5.312530290E-1,-9.083318710E0,-1.065949059E1,-7.466917038E-1,1.402458437E1
5.412517620E-1,-1.312433815E1,-1.089167976E1,4.692029953E-1,1.706156767E1
5.512504950E-1,-1.946457100E1,-9.669015884E0,2.804059029E0,2.191397133E1
5.612492610E-1,-2.252483749E1,-9.244161606E0,3.854023933E0,2.465109183E1
5.712479610E-1,-2.478582382E1,-9.154666901E0,3.794342995E0,2.669348286E1
5.812467270E-1,-2.608334160E1,-9.440006256E0,2.340424538E0,2.783760072E1
5.912454930E-1,-2.522088051E1,-1.036984253E1,-4.871234894E-1,2.727386546E1
6.012441930E-1,-2.425048447E1,-1.113059998E1,-3.692106724E0,2.693711018E1
6.112429590E-1,-2.233342171E1,-1.304117775E1,-7.175011158E0,2.683905414E1
6.212417250E-1,-1.929118156E1,-1.506954575E1,-8.537633896E0,2.592551036E1
6.312404250E-1,-1.449133778E1,-1.782126617E1,-8.861148834E0,2.461943048E1
6.412391910E-1,-1.023658180E1,-2.086983490E1,-6.960578918E0,2.426493921E1
6.512379570E-1,-1.847697020E0,-2.406635857E1,-6.379247665E0,2.496594480E1
6.612367230E-1,9.988361359E0,-2.482572746E1,-5.310317039E0,2.728156106E1
6.712354890E-1,2.460078430E1,-2.291219139E1,-1.444517612E0,3.364897820E1
6.812342550E-1,3.250740433E1,-1.937031937E1,3.185290337E0,3.797481643E1
6.912330210E-1,3.791061020E1,-1.506211758E1,1.001811695E1,4.200529037E1
7.012317870E-1,3.806892395E1,-1.057930374E1,1.494690037E1,4.224422409E1
7.112304870E-1,3.392625427E1,-6.884100914E0,1.362933445E1,3.720403650E1
7.212292530E-1,2.949385834E1,-3.202468157E0,4.846601486E0,3.006048948E1
7.312280190E-1,2.871536446E1,-5.344140530E-1,4.272648811E0,2.903641304E1
7.412267190E-1,2.619712067E1,-8.699727058E-2,6.617588997E-1,2.620562200E1
7.512254850E-1,2.322906494E1,-5.000679493E-1,-2.018679619E0,2.332197662E1
7.612242510E-1,2.101454163E1,-1.412420988E0,-4.147167206E0,2.146636645E1
7.712230170E-1,2.007465363E1,-3.066244125E0,-6.120018005E0,2.120962498E1
7.812217830E-1,2.013300133E1,-4.648720264E0,-7.648413181E0,2.203285199E1
7.912205490E-1,1.812703896E1,-6.184524536E0,-9.619836807E0,2.143313195E1
8.012193150E-1,1.410066414E1,-9.603770256E0,-1.001615238E1,1.978343855E1
8.112180810E-1,9.075395584E0,-1.197567749E1,-1.042097950E1,1.828596375E1
8.212167810E-1,3.021041155E0,-1.271186447E1,-9.655570030E0,1.624648333E1
8.312155470E-1,-1.372017145E0,-1.484269905E1,-9.427720070E0,1.763717812E1
8.412143130E-1,-4.994929790E0,-1.946372986E1,-1.019908714E1,2.253458414E1
8.512130130E-1,-1.571147537E1,-2.094539070E1,-8.989626884E0,2.768344707E1
8.612117790E-1,-2.729782867E1,-1.827797699E1,-6.919377327E0,3.357281156E1
8.712105120E-1,-4.120616913E1,-1.219841194E1,-6.426580906E0,4.345170388E1
8.812091780E-1,-4.995953369E1,-8.457166672E0,-7.030216217E0,5.115567041E1
8.912078780E-1,-4.843059921E1,-9.678008080E0,-6.490938663E0,4.981284036E1
9.012066110E-1,-3.967435074E1,-1.320612907E1,-6.505694866E0,4.231760883E1
9.112053440E-1,-3.034354019E1,-1.731452942E1,-7.390545845E0,3.570915188E1
9.212040770E-1,-2.579822731E1,-1.881105423E1,-6.362069607E0,3.255580168E1
9.312028100E-1,-2.426189804E1,-2.065166473E1,-4.146442413E0,3.212979828E1
9.412015430E-1,-2.203937149E1,-2.270454407E1,-1.701766968E0,3.168795083E1
9.512002760E-1,-1.793622971E1,-2.451579285E1,-5.754137039E-1,3.038196070E1
9.611989090E-1,-1.294466972E1,-2.579299545E1,-1.736174107E0,2.891119834E1
9.711976420E-1,-1.186922073E0,-2.728815842E1,-5.067265511E0,2.778002076E1
9.811964080E-1,8.514454842E0,-2.625235748E1,-6.298290253E0,2.830813796E1
9.911951080E-1,2.047431374E1,-2.231579781E1,-5.447850227E0,3.077127600E1
1.001193874E0,3.039765358E1,-1.772975349E1,-2.436625004E0,3.527461755E1
1.011192640E0,3.495211792E1,-1.145483589E1,1.082756042E0,3.679723051E1
1.021191406E0,3.695857239E1,-4.544488907E0,5.617220879E0,3.765822118E1
1.031190172E0,3.974536514E1,3.390188217E-1,6.613977432E0,4.029334538E1
1.041188938E0,4.076308823E1,3.190538406E0,6.144730568E0,4.134690570E1
1.051187671E0,3.975079346E1,4.263621807E0,5.320897102E0,4.033132774E1
1.061186437E0,3.533007431E1,4.280956745E0,2.795353413E0,3.569810558E1
1.071185137E0,3.127372551E1,2.669860363E0,1.638648033E0,3.143022795E1
1.081183903E0,2.914033508E1,4.122591019E-2,-4.483714104E-1,2.914381350E1
1.091182669E0,2.686340714E1,-2.932309151E0,-3.001471996E0,2.718915067E1
1.101181369E0,2.275658417E1,-6.209347725E0,-4.960451126E0,2.410444352E1
1.111180102E0,1.677288628E1,-9.914220810E0,-6.134175301E0,2.042668830E1
1.121178868E0,9.112321854E0,-1.360597706E1,-6.828732491E0,1.774228307E1
1.131177568E0,1.636949778E0,-1.684797096E1,-6.997295380E0,1.831654642E1
1.141176334E0,-6.551438332E0,-2.044783974E1,-8.231086731E0,2.299535351E1
1.151175100E0,-2.001580620E1,-1.995084763E1,-1.131006622E1,3.043988201E1
1.161173866E0,-3.178549385E1,-1.687795639E1,-1.337453461E1,3.839350475E1
1.171172632E0,-4.422864532E1,-1.131839180E1,-1.289369202E1,4.743971284E1
1.181171365E0,-4.949084854E1,-8.312583923E0,-9.781024933E0,5.112838340E1
1.191170165E0,-4.360235596E1,-1.146894264E1,-7.717739105E0,4.574128974E1
1.201168931E0,-3.702043533E1,-1.546011543E1,-3.026873112E0,4.023294374E1
1.211167631E0,-3.179391670E1,-1.952569389E1,5.314389229E0,3.768751244E1
1.221166397E0,-2.709463310E1,-2.293798447E1,9.497361183E0,3.674874343E1
1.231165163E0,-2.049458885E1,-2.633318710E1,1.151719284E1,3.530029244E1
1.241163896E0,-1.199019909E1,-2.889177322E1,8.739496231E0,3.247888897E1
1.251162696E0,1.384296894E0,-3.083162308E1,3.017570496E0,3.100985313E1
1.261161629E0,2.367352676E1,-2.996683311E1,-3.814863682E0,3.837968397E1
1.271160529E0,4.631039810E1,-1.936856651E1,-7.934293747E0,5.082073748E1
1.281159462E0,5.215676117E1,-8.542666435E0,-8.311890602E0,5.350133093E1
1.291158428E0,4.961146164E1,-4.440103531E0,-8.108950615E0,5.046550035E1
1.301157394E0,3.768841934E1,2.293163300E0,3.414855003E-1,3.775966317E1
1.311156394E0,3.117463303E1,5.513126850E0,4.782386303E0,3.201755035E1
1.321155394E0,2.659518433E1,6.377662659E0,2.607381344E0,2.747320236E1
1.331154460E0,2.482266426E1,4.385243893E0,-3.828198910E0,2.549608072E1
1.341153526E0,2.497077179E1,2.668560028E0,-3.801537275E0,2.539906183E1
1.351152559E0,2.424223900E1,-2.218433857E0,-6.535702229E0,2.520561453E1
1.361151625E0,2.214224625E1,-5.720929146E0,-7.753314972E0,2.414791900E1
1.371150691E0,1.685007477E1,-8.427261353E0,-8.415903091E0,2.063422348E1
1.381149691E0,1.045774269E1,-1.107223320E1,-8.532341003E0,1.745736444E1
1.391148757E0,2.374053478E0,-1.414232445E1,-8.260388374E0,1.654918387E1
1.401147823E0,-1.393457294E0,-1.690666389E1,-8.937979698E0,1.917457922E1
1.411146923E0,-7.849048615E0,-1.962088966E1,-9.992186546E0,2.337585650E1
1.421145989E0,-1.867861176E1,-1.913350105E1,-9.698131561E0,2.844354330E1
1.431145055E0,-1.789059639E1,-1.880262756E1,-9.528104782E0,2.764773089E1
1.441144121E0,-4.603825378E1,-1.277389145E1,-2.989206791E0,4.787095645E1
1.451143187E0,-4.701501465E1,-1.148633575E1,-2.057431698E0,4.844151666E1
1.461142187E0,-4.217321014E1,-1.249687290E1,-4.169511795E-2,4.398582982E1
1.471141253E0,-3.469070053E1,-1.608071899E1,-4.398212433E-1,3.823908562E1
1.481140286E0,-2.830931473E1,-1.826096916E1,4.235353470E-1,3.369064673E1
1.491139286E0,-2.631346893E1,-1.976641273E1,3.133338928E0,3.305945451E1
1.501138352E0,-2.445237541E1,-2.263378143E1,5.632903099E0,3.379254833E1
1.511137418E0,-1.947439766E1,-2.600640678E1,5.708844185E0,3.298751673E1
1.521136484E0,-1.465806389E1,-2.901499176E1,2.892374039E0,3.263578422E1
1.531135550E0,-6.428472042E0,-3.194157028E1,-1.324094296E0,3.260893115E1
1.541134583E0,7.615183353E0,-3.242862320E1,-7.337086201E0,3.410922828E1
1.551133616E0,2.311421204E1,-2.759791374E1,-1.072463417E1,3.756234044E1
1.561132549E0,3.443207550E1,-1.667348480E1,-1.022543621E1,3.959965233E1
1.571131415E0,3.378946304E1,-1.669250679E1,-1.007419109E1,3.901098463E1
1.581130281E0,3.372628021E1,-3.073438168E0,3.381972313E-1,3.386771880E1
1.591129114E0,3.203890610E1,2.020987511E0,4.209940434E0,3.237745347E1
1.601127880E0,3.459989166E1,5.568928242E0,5.082663536E0,3.541184736E1
1.611126680E0,3.854732895E1,6.932873726E0,2.253982544E0,3.923062254E1
1.621125413E0,3.960974121E1,5.855401516E0,-7.179403305E-2,4.004026074E1
1.631124079E0,3.809788513E1,4.017750740E0,-2.198781967E0,3.837220107E1
1.641122812E0,3.520900726E1,1.683628082E0,-2.079880714E0,3.531054658E1
1.651121545E0,3.057196617E1,-1.903962374E0,-2.621297836E0,3.074315193E1
1.661120278E0,2.577202606E1,-4.961789608E0,-3.262178421E0,2.644727758E1
1.671119011E0,2.051819611E1,-8.085385323E0,-4.391984463E0,2.248687072E1
1.681117744E0,1.486129475E1,-1.115408134E1,-6.049014091E0,1.954129432E1
1.691116444E0,7.912543297E0,-1.386203671E1,-7.259938240E0,1.753485404E1
1.701115210E0,4.080821037E0,-1.605619621E1,-7.528571606E0,1.819708569E1
1.711113910E0,6.722300053E-1,-2.002796936E1,-8.749673843E0,2.186614374E1
1.721112676E0,-6.605951309E0,-2.187215042E1,-1.028462410E1,2.505599828E1
1.731111442E0,-1.873543358E1,-2.062406349E1,-1.259727955E1,3.057874946E1
1.741110142E0,-3.035848999E1,-1.728506660E1,-1.370104218E1,3.752505828E1
1.751108908E0,-4.356182480E1,-1.238333702E1,-1.050460720E1,4.649006763E1
1.761107674E0,-4.724256897E1,-1.315713501E1,-6.155738831E0,4.942533404E1
1.771106440E0,-4.367299652E1,-1.566993141E1,-7.549562454E-1,4.640525115E1
1.781105273E0,-3.450047684E1,-2.053623009E1,4.171592236E0,4.036609753E1
1.791104039E0,-2.853443909E1,-2.385864639E1,8.010797501E0,3.804762934E1
1.801102805E0,-2.435520744E1,-2.631888771E1,1.217276001E1,3.786866866E1
1.811101571E0,-1.872175407E1,-2.854590988E1,1.348228073E1,3.670347314E1
1.821100271E0,-1.235766697E1,-2.931649399E1,1.002328300E1,3.335618316E1
1.831099037E0,-4.460138321E0,-2.934772110E1,4.306159019E0,2.999540920E1
1.841097803E0,6.703340054E0,-2.802292633E1,-1.419213772E0,2.884845465E1
1.851096503E0,2.035389709E1,-2.363790131E1,-5.778207779E0,3.172411055E1
1.861095269E0,3.221416092E1,-1.468910694E1,-8.229705811E0,3.634900390E1
1.871094035E0,3.468342209E1,-5.352821350E0,-5.437623978E0,3.551281767E1
1.881092735E0,3.336595535E1,-4.823489189E-1,1.737718582E-1,3.336989412E1
1.891091501E0,3.298483658E1,4.399349689E0,2.977017879E0,3.340982426E1
1.901090267E0,3.387212753E1,8.813882828E0,5.116748810E-2,3.500011675E1
1.911089033E0,3.498959732E1,9.569441795E0,-4.908071518E0,3.660512673E1
1.921087766E0,3.500014114E1,9.114674568E0,-7.141787529E0,3.686586906E1
1.931086532E0,3.378224182E1,5.790433407E0,-9.418255806E0,3.554535868E1
1.941085298E0,2.941053581E1,2.659500122E0,-9.414218903E0,3.099483949E1
1.951084064E0,2.447978020E1,-2.274737358E-1,-9.420103073E0,2.623070195E1
1.961082764E0,1.941440010E1,-3.743768454E0,-1.017500782E1,2.223658062E1
1.971081530E0,1.457725143E1,-7.354073048E0,-1.039640999E1,1.935623906E1
1.981080263E0,8.264076233E0,-1.209677696E1,-1.110192585E1,1.838150501E1
1.991078996E0,-1.804909706E-1,-1.733035469E1,-1.272422981E1,2.150069290E1
2.001077729E0,3.521720171E-1,-2.202030945E1,-8.722880363E0,2.368769079E1
2.011076462E0,-1.433427715E1,-2.497807884E1,-1.008771324E1,3.051455198E1
2.021075195E0,-3.028038406E1,-2.361123276E1,-6.309121132E0,3.891268406E1
2.031073928E0,-4.276354218E1,-1.745697594E1,-3.303093195E0,4.630741812E1
2.041072661E0,-4.621265793E1,-1.532964516E1,-7.269010544E-1,4.869431341E1
2.051071394E0,-4.163838959E1,-1.723236084E1,1.737516880E0,4.509688140E1
2.061070127E0,-3.775943756E1,-1.831180382E1,5.490372181E0,4.232306074E1
2.071068793E0,-3.140217400E1,-1.996016312E1,9.185337067E0,3.832590586E1
2.081067526E0,-2.751623726E1,-2.113337708E1,1.086190510E1,3.635579626E1
2.091066259E0,-2.320363426E1,-2.333491325E1,1.089798927E1,3.466544374E1
2.101064959E0,-1.847149086E1,-2.513137817E1,8.790849686E0,3.240464753E1
2.111063725E0,-1.327681065E1,-2.742120171E1,4.432896614E0,3.078711705E1
2.121062491E0,-3.552481413E0,-3.052446365E1,-2.083262444E0,3.080102251E1
2.131061191E0,1.131279659E1,-3.078654289E1,-8.335855484E0,3.384194257E1
2.141059924E0,2.952839851E1,-2.544608116E1,-1.291322803E1,4.106313217E1
2.151058690E0,4.203548431E1,-1.206669426E1,-1.519023132E1,4.629611409E1
2.161057456E0,4.326053619E1,-2.707448244E0,-1.031013012E1,4.455449529E1
2.171056222E0,3.400943756E1,2.170403481E0,-1.261709213E0,3.410197069E1
2.181054988E0,3.090353203E1,7.360857964E0,1.022283077E0,3.178451800E1
2.191053754E0,3.202513123E1,1.062880707E1,-2.719182968E-1,3.374395515E1
2.201052520E0,3.545416260E1,9.735399246E0,-4.302285671E0,3.701736492E1
2.211051186E0,3.493444061E1,8.395042419E0,-6.023420334E0,3.643039213E1
2.221049986E0,3.318496323E1,5.292987347E0,-5.040633202E0,3.398036907E1
2.231048752E0,2.884318542E1,1.287247181E0,-4.651495457E0,2.924419191E1
2.241047452E0,2.558458328E1,-1.805488586E0,-4.999764442E0,2.613098420E1
2.251046218E0,1.995400620E1,-5.867521286E0,-6.156861305E0,2.169094536E1
2.261044984E0,1.466930294E1,-9.839231491E0,-7.195919514E0,1.907302238E1
2.271043750E0,8.750513077E0,-1.394731712E1,-7.731499195E0,1.818997564E1
2.281042550E0,2.968824387E0,-1.793340492E1,-7.688113213E0,1.973646410E1
2.291041316E0,-5.454679489E0,-2.396266747E1,-7.393677235E0,2.566377648E1
2.301040082E0,-1.589460850E1,-2.527352333E1,-6.461450577E0,3.054733874E1
2.311038848E0,-3.189707947E1,-2.372884178E1,-4.103582382E0,3.996649846E1
2.321037548E0,-4.694130707E1,-1.861269188E1,-4.625220299E-1,5.049883697E1
2.331036314E0,-5.036931610E1,-1.730805206E1,1.690777302E0,5.328691583E1
2.341035114E0,-4.382524109E1,-1.870942116E1,2.898757458E0,4.773988889E1
2.351033880E0,-3.690389252E1,-2.118558311E1,5.661781788E0,4.292763664E1
2.361032713E0,-3.357198334E1,-2.335776520E1,9.351484299E0,4.195370685E1
2.371031613E0,-2.889501381E1,-2.601843262E1,1.244482994E1,4.082590417E1
2.381030513E0,-2.358298683E1,-2.887791634E1,1.048906231E1,3.873127609E1
2.391029413E0,-1.737072372E1,-3.224956131E1,5.330258369E0,3.701604924E1
2.401028279E0,-7.624899864E0,-3.555927277E1,-2.622806072E0,3.646203627E1
2.411027145E0,1.169686508E1,-3.489928436E1,-1.321397114E1,3.910736165E1
2.421026011E0,2.645242119E1,-2.844936943E1,-1.694840622E1,4.238331843E1
2.431024877E0,3.618787384E1,-1.760035706E1,-1.525997543E1,4.303721218E1
2.441023743E0,3.823958206E1,-7.883325577E0,-9.609004974E0,4.020877311E1
2.451022609E0,3.403207016E1,-1.616308212E0,-4.901494980E-1,3.407395630E1
2.461021409E0,3.087123871E1,1.867279053E0,3.806639194E0,3.116104319E1
2.471020275E0,3.134434700E1,5.538275719E0,2.490656376E0,3.192716643E1
2.481019141E0,3.502387619E1,7.945258617E0,3.619644642E0,3.609571810E1
2.491017941E0,3.709017563E1,6.838825703E0,-4.792237282E-1,3.771843476E1
2.501016807E0,3.574472046E1,5.209073544E0,-2.985000610E-2,3.612229753E1
2.511015673E0,3.202179718E1,3.219738007E0,5.087394714E-1,3.218728046E1
2.521014539E0,2.873048973E1,6.091022491E-1,-5.706114769E-1,2.874261024E1
2.531013405E0,2.516346741E1,-2.064070940E0,-2.382348537E0,2.536012747E1
2.541012271E0,2.136945343E1,-5.036351204E0,-4.214272022E0,2.235572549E1
2.551011137E0,1.682726860E1,-9.055387497E0,-6.456825733E0,2.017046380E1
2.561010003E0,1.143309975E1,-1.355601311E1,-7.837173939E0,1.938820664E1
2.571008769E0,4.804530621E0,-1.720746613E1,-7.577568054E0,1.940618310E1
2.581007635E0,-8.542528152E-1,-2.079047012E1,-7.550007343E0,2.213540166E1
2.591006501E0,-8.484091759E0,-2.470587540E1,-9.719090462E0,2.787150537E1
2.601005301E0,-1.672774506E1,-2.485058594E1,-1.186960793E1,3.222199045E1
2.611004167E0,-2.766827393E1,-2.234681320E1,-1.312737083E1,3.791096553E1
2.621003033E0,-3.779312134E1,-1.759646225E1,-9.505905151E0,4.275883227E1
2.631001899E0,-4.349449158E1,-1.564301109E1,-4.869134903E0,4.647776961E1
2.641000732E0,-4.132341385E1,-1.664761734E1,7.527689934E-1,4.455709098E1
2.650999532E0,-3.511090088E1,-1.810669327E1,6.658591270E0,4.006200868E1
2.660998332E0,-3.191432953E1,-1.912294579E1,1.190554523E1,3.906345469E1
2.670997065E0,-2.884358215E1,-2.110087013E1,1.465140247E1,3.862463652E1
2.680995731E0,-2.561663437E1,-2.346216393E1,1.400362015E1,3.745379113E1
2.690994464E0,-2.231911278E1,-2.569577026E1,1.023043919E1,3.553979868E1
2.700993197E0,-1.498751926E1,-2.932014465E1,3.687222481E0,3.313445678E1
2.710991863E0,-2.571689367E0,-3.305480957E1,-7.110143185E0,3.390852633E1
2.720990596E0,1.330208397E1,-3.323707581E1,-1.488474083E1,3.877117687E1
2.730989329E0,3.073283005E1,-2.583442116E1,-1.834912109E1,4.414311276E1
2.740988029E0,4.023511887E1,-9.953747749E0,-1.659298515E1,4.464604171E1
2.750986795E0,4.665692902E1,-7.729459763E0,-6.037267685E0,4.767664181E1
2.760985561E0,4.259877014E1,-1.378688335E0,-1.757719994E0,4.265730393E1
2.770984327E0,4.241598892E1,-1.274619102E0,-1.773085117E0,4.247216266E1
2.780983093E0,3.561670685E1,5.072877407E0,4.920649052E0,3.631110958E1
2.790981859E0,3.407500076E1,6.273784637E0,2.313042164E0,3.472486450E1
2.800980625E0,3.145212173E1,6.274416924E0,-9.184193611E-1,3.208500839E1
2.810979425E0,2.933434677E1,2.976124287E0,-3.352732182E0,2.967493942E1
2.820978125E0,2.666991234E1,-3.791751862E-1,-4.462322712E0,2.704330457E1
2.830976891E0,2.369462967E1,-4.570332050E0,-5.562957287E0,2.476428687E1
2.840975657E0,1.978969383E1,-8.408144951E0,-6.967779636E0,2.260262897E1
2.850974357E0,1.499227047E1,-1.224531269E1,-8.045062065E0,2.096279753E1
2.860973123E0,9.757038116E0,-1.613248825E1,-8.504332542E0,2.068285865E1
2.870971923E0,3.238420963E0,-2.019351768E1,-8.477934837E0,2.213912613E1
2.880970689E0,-3.660850525E0,-2.514483261E1,-9.091802597E0,2.698750281E1
2.890969455E0,-1.910638046E1,-2.520906067E1,-9.074769020E0,3.290747555E1
2.900968221E0,-3.441381836E1,-2.075361061E1,-8.215612411E0,4.101852673E1
2.910966987E0,-4.727870178E1,-1.637429237E1,-5.382023811E0,5.032255233E1
2.920965753E0,-5.293937302E1,-1.257993126E1,-3.433511019E0,5.452174689E1
2.930964453E0,-4.552667999E1,-1.385712242E1,2.206954479E0,4.763999455E1
2.940963219E0,-3.522200775E1,-1.826122856E1,2.275354385E0,3.973964691E1
2.950961985E0,-2.831203461E1,-2.042136002E1,5.293731689E0,3.530760320E1
2.960960685E0,-2.677070427E1,-2.196618271E1,7.723452091E0,3.548007190E1
2.970959451E0,-2.511106300E1,-2.459216309E1,7.987461567E0,3.604357797E1
2.980958217E0,-2.171150780E1,-2.736117172E1,6.306476593E0,3.549359007E1
2.990956917E0,-1.579196835E1,-3.068936539E1,2.273016930E0,3.458887130E1
3.000955683E0,-2.600140572E0,-3.538273621E1,-3.081590652E0,3.561172494E1
3.010954449E0,2.189900589E1,-3.486137009E1,-1.111449432E1,4.264286068E1
3.020953215E0,4.053072739E1,-2.423302269E1,-1.514586067E1,4.959209964E1
3.030951981E0,5.159419250E1,-1.239826584E1,-1.460324478E1,5.503573797E1
3.040950747E0,4.911257935E1,-6.881081581E0,-7.388922691E0,5.013971392E1
3.050949480E0,4.883650208E1,-6.798822880E0,-7.363632202E0,4.985429778E1
3.060948213E0,3.727657318E1,4.416605949E0,6.198495388E0,3.804563919E1
3.070946879E0,3.793826294E1,6.700989723E0,2.017778397E0,3.857831629E1
3.080945612E0,3.622568512E1,7.358700752E0,-2.089946270E0,3.702456772E1
3.090944345E0,3.195502663E1,6.071482658E0,-5.485933304E0,3.298608938E1
3.100943011E0,2.813112831E1,2.551321030E0,-7.447154999E0,2.921180817E1
3.110941744E0,2.547484589E1,-1.196951389E0,-8.702565193E0,2.694689419E1
3.120940477E0,2.163586235E1,-5.452407837E0,-9.194210052E0,2.413240123E1
3.130939177E0,1.443579388E1,-1.028346252E1,-8.629891396E0,1.971336531E1
3.140937943E0,7.053720951E0,-1.439098835E1,-7.564985275E0,1.772243006E1
3.150936709E0,7.919579983E0,-1.432473946E1,-7.576180935E0,1.803653030E1
3.161292691E0,-9.042420387E0,-2.257970810E1,-9.621334076E0,2.615680894E1
3.171291457E0,-2.633641815E1,-2.167790985E1,-9.939588547E0,3.552934164E1
3.181290157E0,-4.260082626E1,-1.677202225E1,-7.127057552E0,4.633493367E1
3.191288923E0,-5.373440552E1,-1.105836868E1,-4.893481255E0,5.507830801E1
3.201287689E0,-5.432829285E1,-1.005172729E1,-1.216495037E0,5.526373572E1
3.211286389E0,-4.654228592E1,-1.623193741E1,3.810281754E-1,4.929305583E1
3.221285155E0,-3.750266266E1,-1.993214798E1,2.302890778E0,4.253285243E1
3.231283921E0,-3.077687454E1,-2.503077888E1,7.767817974E0,4.042393962E1
3.241282621E0,-2.462189865E1,-2.818556213E1,1.075493145E1,3.894011244E1
3.251281387E0,-1.489941978E1,-3.127708435E1,8.114805222E0,3.558228182E1
3.261280153E0,-4.398011684E0,-3.247490311E1,2.220160484E0,3.284647548E1
3.271278919E0,1.164990044E1,-3.050093460E1,-5.147203922E0,3.305330392E1
3.281277685E0,2.508682442E1,-2.444738197E1,-8.244219780E0,3.598597511E1
3.291276451E0,3.470146561E1,-1.600167656E1,-7.499866009E0,3.894217968E1
3.301275217E0,3.618013763E1,-8.774250031E0,-3.413526058E0,3.738505026E1
3.311273983E0,3.228624725E1,-1.685377836E0,4.028312206E0,3.258020195E1
3.321272683E0,3.185998344E1,2.489715576E0,5.656155586E0,3.245380293E1
3.331271449E0,3.399247742E1,6.075741768E0,3.897490501E0,3.475044735E1
3.341270215E0,3.572470093E1,7.802604198E0,1.716761589E-1,3.656725805E1
3.351268915E0,3.676676178E1,7.311549664E0,-2.783184528E0,3.758988755E1
3.361267648E0,3.614960098E1,5.112721920E0,-2.939186573E0,3.662748141E1
3.371266414E0,3.208117294E1,2.048954487E0,-2.196171284E0,3.222146862E1
3.381265180E0,2.820266533E1,-6.179280281E-1,-1.776876450E0,2.826534020E1
3.391263980E0,2.215648270E1,-3.559417009E0,-2.285435200E0,2.255664844E1
3.401262846E0,1.705857849E1,-7.246454239E0,-3.728485584E0,1.890523218E1
3.411261746E0,1.158861828E1,-1.061096764E1,-4.898208618E0,1.645846759E1
3.421260712E0,5.799881458E0,-1.344356728E1,-4.964391708E0,1.546005534E1
3.431259678E0,-5.319949389E-1,-1.746183014E1,-5.920046806E0,1.844574435E1
3.441258644E0,-5.371211529E0,-2.009058380E1,-8.711358070E0,2.254704482E1
3.451257644E0,-1.616809845E1,-1.986640930E1,-1.076471138E1,2.778417962E1
3.461256644E0,-2.682043839E1,-1.945724106E1,-9.123142242E0,3.436789009E1
3.471255677E0,-3.376049805E1,-1.740386963E1,-8.424426079E0,3.890548626E1
3.481254743E0,-3.472290039E1,-1.517958641E1,-6.886791229E0,3.851658797E1
3.491253743E0,-3.431411362E1,-1.614341927E1,-2.874415874E0,3.803065402E1
3.501252809E0,-3.444838333E1,-1.706290054E1,2.780116558E0,3.854299855E1
3.511251875E0,-3.447243500E1,-1.723299980E1,9.284621239E0,3.964251819E1
3.521250941E0,-3.264282608E1,-1.822428322E1,1.497416306E1,4.027287117E1
3.531249974E0,-2.939183807E1,-2.033944893E1,1.451757622E1,3.857892362E1
3.541249040E0,-2.401350975E1,-2.348862839E1,1.090222263E1,3.531604129E1
3.551248106E0,-1.529587269E1,-2.702043724E1,3.525412560E0,3.124894052E1
3.561247172E0,-3.422790527E0,-2.879086685E1,-3.941051006E0,2.926023568E1
3.571246172E0,1.144934082E1,-2.642763901E1,-9.041570663E0,3.018704207E1
3.581245238E0,2.414692307E1,-2.013174438E1,-1.059446335E1,3.317534746E1
3.591244304E0,2.978945541E1,-1.191463089E1,-7.510290623E0,3.295109328E1
3.601243270E0,2.803129387E1,-4.884567261E0,-2.851530075E0,2.859621753E1
3.611242336E0,2.388382530E1,1.049628258E0,1.727331638E0,2.396919909E1
3.621241402E0,2.585054016E1,4.769364834E0,2.815525532E0,2.643717934E1
3.631240468E0,3.227442169E1,8.173479080E0,8.690657616E-1,3.330464429E1
3.641239534E0,3.916144562E1,8.887519836E0,-3.675244331E0,4.032510698E1
3.651238600E0,4.251782990E1,7.832254887E0,-5.568580627E0,4.359035634E1
3.661237700E0,4.109928131E1,5.866591930E0,-5.839103699E0,4.192449114E1
3.671236766E0,3.521462250E1,2.523427963E0,-4.969084740E0,3.565289791E1
3.681235766E0,2.858219910E1,1.611962318E-1,-5.618420124E0,2.912961953E1
3.691234799E0,2.143292618E1,-3.548429728E0,-6.375748634E0,2.264093304E1
3.701233765E0,1.565103912E1,-6.960947037E0,-7.252771378E0,1.860141129E1
3.711232631E0,1.108534241E1,-1.085961533E1,-7.838612556E0,1.738562360E1
3.721231497E0,7.144829273E0,-1.410385132E1,-7.950157166E0,1.769667218E1
3.731230330E0,3.527920246E0,-1.884401894E1,-8.805198669E0,2.109679584E1
3.741229096E0,-2.766606808E-1,-2.149664688E1,-9.561859131E0,2.352895064E1
3.751227896E0,-6.578722954E0,-2.478832245E1,-7.743239403E0,2.678989141E1
3.761226629E0,-1.737854767E1,-2.493571663E1,-7.036880970E0,3.119810213E1
3.771225395E0,-2.773279572E1,-2.128318977E1,-6.129967213E0,3.549166977E1
3.781224128E0,-3.680187988E1,-1.776558113E1,-2.552471638E0,4.094519932E1
3.791222861E0,-3.896018600E1,-1.652979469E1,2.836820126E0,4.241671551E1
3.801221594E0,-3.524845123E1,-1.689220047E1,5.161150455E0,3.942635191E1
3.811220327E0,-2.929671097E1,-1.772996712E1,5.572600842E0,3.469442156E1
3.821218993E0,-2.398049355E1,-1.813904953E1,6.252511501E0,3.071128601E1
3.831217759E0,-2.237592888E1,-1.802631378E1,6.751287460E0,2.951626779E1
3.841216492E0,-2.273024368E1,-1.773210526E1,7.359967232E0,2.975333010E1
3.851215192E0,-2.244942093E1,-1.924701118E1,5.712828636E0,3.011744263E1
3.861213958E0,-2.198313522E1,-2.100142288E1,3.233195305E0,3.057403390E1
3.871212724E0,-1.844794846E1,-2.452975845E1,-5.139040947E-1,3.069690456E1
3.881211490E0,-6.302844048E0,-2.963371277E1,-6.630033016E0,3.101354725E1
3.891210256E0,1.195479774E1,-2.953101158E1,-1.294209480E1,3.438743451E1
3.901209056E0,2.523789787E1,-2.435924530E1,-1.533193302E1,3.828044528E1
3.911207822E0,3.580531693E1,-1.459135628E1,-1.369671059E1,4.101863331E1
3.921206588E0,3.901188278E1,-7.679428101E0,-9.856530190E0,4.096403058E1
3.931205288E0,3.845468903E1,-2.902362108E0,-4.045125961E0,3.877563485E1
3.941204054E0,3.743624115E1,8.716378212E-1,5.105857849E-1,3.744986785E1
3.951202820E0,3.574959564E1,4.024692535E0,3.433115959E0,3.613887137E1
3.961201520E0,3.431685257E1,5.492257118E0,4.674069405E0,3.506648233E1
3.971200286E0,3.134276199E1,5.788559437E0,4.654129028E0,3.221082220E1
3.981199052E0,2.953192520E1,4.893267632E0,3.132891655E0,3.009806778E1
3.991197752E0,2.798285484E1,3.347197533E0,6.078462601E-1,2.818888741E1
4.001196518E0,2.846265221E1,3.318621159E0,5.318880081E-1,2.866040338E1
4.011195284E0,2.149018478E1,-2.510809898E0,-2.345380783E0,2.176311144E1
4.021194050E0,1.582366276E1,-6.815115929E0,-2.874168396E0,1.746696746E1
4.031192816E0,5.897630692E0,-1.143005753E1,-2.921223164E0,1.318945820E1
4.041191582E0,-1.497839212E0,-1.377322102E1,-2.402826786E0,1.406124874E1
4.051190348E0,-7.148983002E0,-1.853086853E1,-3.905799389E0,2.024243847E1
4.061189114E0,-1.619424438E1,-2.084420776E1,-5.877119064E0,2.704209824E1
4.071187814E0,-3.209993744E1,-1.824545479E1,-6.780364037E0,3.754032419E1
4.081186580E0,-4.313124466E1,-1.371021843E1,-5.520514488E0,4.559331569E1
4.091185346E0,-4.990025330E1,-1.168512249E1,-4.105246544E0,5.141430167E1
4.101184046E0,-4.921813965E1,-1.404108143E1,-2.233242989E0,5.123050471E1
4.111182812E0,-4.346329880E1,-1.873489952E1,2.075658798E0,4.737471015E1
4.121181578E0,-3.504534531E1,-2.514048767E1,5.527945518E0,4.348308326E1
4.131180344E0,-2.684489059E1,-2.999597359E1,7.313300133E0,4.091321231E1
4.141179110E0,-1.635575867E1,-3.437059784E1,6.568231583E0,3.862629290E1
4.151177843E0,-3.136257410E0,-3.615385818E1,1.974781036E0,3.634332583E1
4.161176543E0,8.748587608E0,-3.564099121E1,-2.001560211E0,3.675356150E1
4.171175276E0,2.233639526E1,-3.238219452E1,-5.693988800E0,3.974849159E1
4.181173942E0,3.610164642E1,-2.359587860E1,-9.289417267E0,4.411788339E1
4.191172675E0,4.646112061E1,-1.164763546E1,-1.006184483E1,4.894429345E1
4.201171408E0,4.647943497E1,-4.166340351E0,-5.708248615E0,4.701361897E1
4.211170074E0,4.002429962E1,-1.580991745E-1,1.167392254E0,4.004163284E1
4.221168774E0,3.571097183E1,2.395688534E0,2.541394711E0,3.588135337E1
4.231167507E0,3.318785095E1,4.985988617E0,7.388691902E-1,3.356842953E1
4.241166173E0,3.150750351E1,5.697489262E0,-3.608759880E0,3.222122451E1
4.251164906E0,3.076937866E1,3.902835846E0,-6.751870155E0,3.174231468E1
4.261163672E0,2.880917358E1,1.437653542E0,-7.294657707E0,2.975310675E1
4.271162438E0,2.632810783E1,-2.367788792E0,-7.606443405E0,2.750697488E1
4.281161204E0,2.370932770E1,-5.564473629E0,-7.513931751E0,2.548636414E1
4.291159970E0,1.861151505E1,-9.841327667E0,-7.380000591E0,2.230929473E1
4.301158736E0,1.303288746E1,-1.342782974E1,-7.697574139E0,2.023401628E1
4.311157502E0,8.005383492E0,-1.671797943E1,-8.881367683E0,2.055372699E1
4.321156202E0,4.156749725E0,-2.037816238E1,-1.052290344E1,2.330835831E1
4.331154968E0,-3.362648010E0,-2.480311012E1,-1.095702457E1,2.732321469E1
4.341153734E0,-1.132744503E1,-2.536849976E1,-1.130289841E1,2.999378774E1
4.351152434E0,-2.231404686E1,-2.350428009E1,-1.276375580E1,3.483218816E1
4.361151200E0,-3.380955887E1,-1.944476509E1,-1.208487988E1,4.083172152E1
4.371149966E0,-4.833172607E1,-1.245533943E1,-7.303821564E0,5.044241306E1
4.381148699E0,-5.178025818E1,-1.293236160E1,-3.101237774E0,5.346081546E1
4.391147465E0,-4.205987549E1,-1.648868179E1,2.106245518E0,4.522550192E1
4.401146231E0,-3.552695084E1,-1.891809845E1,5.337321758E0,4.060228674E1
4.411144997E0,-3.053071022E1,-2.171936226E1,9.215427399E0,3.858469989E1
4.421143763E0,-2.699621010E1,-2.299883842E1,1.121925640E1,3.719695744E1
4.431142463E0,-2.462572289E1,-2.433284950E1,1.059643555E1,3.620494771E1
4.441141229E0,-2.171688271E1,-2.656904411E1,7.137404442E0,3.504967392E1
4.451139962E0,-1.233522797E1,-3.043327904E1,-2.930049896E-1,3.283943017E1
4.461138695E0,-6.393219233E-1,-3.333940506E1,-7.527328014E0,3.418457736E1
4.471137461E0,1.874723053E1,-3.170361710E1,-1.554854202E1,3.997918394E1
4.481136261E0,3.724531937E1,-2.225905418E1,-1.872775650E1,4.725894806E1
4.491135027E0,4.770167923E1,-1.092158508E1,-1.384702873E1,5.085736355E1
4.501133860E0,4.503723526E1,-4.056872368E0,-1.616245747E0,4.524845880E1
4.511132760E0,3.800060272E1,-2.176160812E-1,8.561767578E0,3.895378066E1
4.521131693E0,3.601924515E1,2.179350853E0,1.040350437E1,3.755487311E1
4.531130593E0,3.655894852E1,4.686158657E0,7.756071091E0,3.766528160E1
4.541129493E0,3.542076492E1,5.647782326E0,1.820046902E0,3.591435094E1
4.551128393E0,3.264899826E1,4.621301174E0,-2.560797215E0,3.307372362E1
4.561127259E0,2.965870094E1,2.403409481E0,-5.119780064E0,3.019316258E1
4.571126059E0,2.608945465E1,-1.120105267E0,-6.853365898E0,2.699783147E1
4.581124925E0,2.236474800E1,-4.535827637E0,-7.354668140E0,2.397596357E1
4.591123791E0,1.762103653E1,-9.021982193E0,-7.818847656E0,2.128453593E1
4.601122591E0,1.222432137E1,-1.318659019E1,-7.454491615E0,1.946508770E1
4.611121457E0,5.914612770E0,-1.676121330E1,-7.225873470E0,1.918682264E1
4.621120323E0,-2.536737919E-1,-2.071000481E1,-6.516412258E0,2.171249129E1
4.631119189E0,-6.303053379E0,-2.408568001E1,-7.497075558E0,2.600105008E1
4.641118055E0,-1.397014332E1,-2.403652382E1,-8.441110611E0,2.905463354E1
4.651116921E0,-2.618028641E1,-2.034186935E1,-9.471885681E0,3.448065637E1
4.661115787E0,-3.999023819E1,-1.418419838E1,-7.045844555E0,4.301226057E1
4.671114653E0,-4.954332733E1,-1.054143906E1,-5.119194031E0,5.091040530E1
4.681113486E0,-4.581784821E1,-1.163240242E1,-2.808002472E0,4.735475560E1
4.691112352E0,-3.477151489E1,-1.606411362E1,-2.576101303E0,3.838945548E1
4.701111218E0,-2.871696472E1,-1.840578842E1,-4.113268852E-1,3.411167396E1
4.711110018E0,-2.609511757E1,-2.167204857E1,5.429037571E0,3.435268984E1
4.721108884E0,-2.684292984E1,-2.415142059E1,1.136373711E1,3.785457066E1
4.731107750E0,-2.471496010E1,-2.757781792E1,1.295269108E1,3.923184293E1
4.741106550E0,-1.951086998E1,-3.267803955E1,8.790404320E0,3.906148390E1
4.751105416E0,-4.174325943E0,-3.934534836E1,-2.337667942E0,3.963516275E1
4.761104282E0,1.449030209E1,-3.985727310E1,-1.341744041E1,4.448144311E1
4.771103148E0,3.521236801E1,-2.907385254E1,-2.136491776E1,5.041487353E1
4.781101981E0,4.928152847E1,-1.530459595E1,-2.208522987E1,5.613071427E1
4.791100781E0,4.831581116E1,-6.480357647E0,-1.197208786E1,5.019704703E1
4.801099581E0,4.162521362E1,-1.651765823E0,1.040139198E0,4.167095666E1
4.811098281E0,3.810590744E1,2.168865681E0,5.352215767E0,3.854102196E1
4.821096947E0,3.822129059E1,4.785128117E0,5.081677914E0,3.885341627E1
4.831095680E0,3.756027985E1,6.777177334E0,2.442382336E0,3.824486876E1
4.841094413E0,3.454525757E1,6.135646343E0,-1.680138588E0,3.512611339E1
4.851093079E0,3.148548889E1,3.841604710E0,-4.192516327E0,3.199486100E1
4.861091812E0,2.926403809E1,5.746626854E-1,-5.284470558E0,2.974289480E1
4.871090545E0,2.610445786E1,-3.975102425E0,-6.947579384E0,2.730408428E1
4.881089278E0,2.156708908E1,-8.665460587E0,-7.244063377E0,2.434555386E1
4.891088044E0,1.475170135E1,-1.395817947E1,-6.049806118E0,2.119064938E1
4.901086810E0,6.921844482E0,-1.893127632E1,-5.052335739E0,2.078054982E1
4.911085543E0,-9.057641029E-2,-2.426511383E1,-5.495523453E0,2.487980569E1
4.921084309E0,-1.333669090E1,-2.694159698E1,-7.068151951E0,3.088164089E1
4.931083009E0,-3.352521515E1,-2.247182846E1,-9.558425903E0,4.147633821E1
4.941081775E0,-4.864179993E1,-1.429110527E1,-9.674823761E0,5.161262060E1
4.951080541E0,-5.771693420E1,-8.077721596E0,-6.714545727E0,5.866497426E1
4.961079241E0,-5.186191940E1,-1.199844742E1,-4.057359695E0,5.338617417E1
4.971077974E0,-4.254617691E1,-1.653115463E1,-1.941096783E0,4.568614779E1
4.981076740E0,-3.603845215E1,-2.139920425E1,3.513925076E0,4.206000054E1
4.991075440E0,-3.049756050E1,-2.681327248E1,1.088354111E1,4.204169650E1
5.001074206E0,-2.485212517E1,-3.100153923E1,1.316656494E1,4.185787850E1
5.011072972E0,-1.712550354E1,-3.458753204E1,9.969514847E0,3.986190501E1
5.021071738E0,-5.424563885E0,-3.769537735E1,2.392686844E0,3.815877772E1
5.031070504E0,9.481227875E0,-3.627254868E1,-5.661704063E0,3.791630734E1
5.041069237E0,2.518307686E1,-2.968585968E1,-1.085798264E1,4.041451982E1
5.051068037E0,3.931452560E1,-1.574816322E1,-1.086271286E1,4.372224947E1
5.061066803E0,4.213881683E1,-8.343591690E0,-7.246699333E0,4.356386183E1
5.071065503E0,3.752588654E1,-3.255391598E0,-1.320554256E0,3.768996681E1
5.081064269E0,3.359398651E1,-1.189002991E-1,3.962137699E0,3.382703951E1
5.091063035E0,3.674634171E1,2.936195850E0,3.611585617E0,3.703995715E1
5.101061701E0,3.858909607E1,5.524626255E0,4.844279289E-1,3.898556786E1
5.111060501E0,3.736064148E1,5.063058853E0,-2.047857761E0,3.775772528E1
5.121059267E0,3.464441299E1,3.495708942E0,-2.963117123E0,3.494617856E1
5.131058033E0,3.098795128E1,3.936533928E-1,-3.711045265E0,3.121185583E1
5.141056799E0,2.758815765E1,-3.013736486E0,-4.889350891E0,2.817968776E1
5.151055565E0,2.326884651E1,-6.595262527E0,-5.786478043E0,2.486805248E1
5.161054331E0,1.767275047E1,-1.088591099E1,-6.148613453E0,2.164797022E1
5.171053097E0,9.482952118E0,-1.599438858E1,-6.393092155E0,1.966261616E1
5.181051797E0,3.107073545E0,-2.031121826E1,-6.971702576E0,2.169802134E1
5.191050530E0,-2.218020439E0,-2.437042427E1,-8.473154068E0,2.589655447E1
5.201049263E0,-1.188115883E1,-2.573501968E1,-1.062209129E1,3.027015026E1
5.211047963E0,-2.558605385E1,-2.279333115E1,-1.358368492E1,3.686052892E1
5.221046696E0,-3.997838211E1,-1.606789780E1,-1.386930466E1,4.526373811E1
5.231045429E0,-5.126836014E1,-1.214521790E1,-1.045173168E1,5.371396247E1
5.241044095E0,-4.975677490E1,-1.271543694E1,-8.472475052E0,5.204999345E1
5.251042828E0,-3.863001633E1,-1.574856186E1,-5.617887020E0,4.209342011E1
5.261041561E0,-3.912942886E1,-1.545548820E1,-6.119430065E0,4.251390059E1
5.271040327E0,-2.802280426E1,-2.227279854E1,6.744738579E0,3.642590578E1
5.281039060E0,-2.787104797E1,-2.414182281E1,1.578913593E1,4.011134176E1
5.291037826E0,-2.532362747E1,-2.729539680E1,1.774684525E1,4.124651878E1
5.301036592E0,-2.064760971E1,-3.112159157E1,1.243043137E1,3.936232809E1
5.311035358E0,-9.295807838E0,-3.634709930E1,8.895187378E-1,3.752752210E1
5.321034058E0,9.352379799E0,-3.892956161E1,-1.321972275E1,4.216324045E1
5.331032824E0,3.131697845E1,-3.302624512E1,-2.445463181E1,5.166734968E1
5.341031624E0,4.925087738E1,-1.654458618E1,-2.603829384E1,5.811510131E1
5.351030324E0,5.374050522E1,-8.257400513E0,-1.480840111E1,5.635171078E1
5.361029090E0,4.620365906E1,-4.487721920E0,-9.519057274E-1,4.643085055E1
5.371027856E0,3.672579575E1,5.211787224E-1,9.453707695E0,3.792661717E1
5.381026622E0,3.367833328E1,1.864642143E0,1.136205959E1,3.559218202E1
5.391025388E0,3.352591705E1,1.946256638E0,1.136545372E1,3.545347046E1
5.401024188E0,2.969709206E1,5.766483307E0,4.494197845E0,3.058377708E1
5.411022954E0,2.711783218E1,3.693332672E0,1.050977707E-1,2.736838640E1
5.421021720E0,2.642887688E1,1.099977493E0,-2.751900196E0,2.659451895E1
5.431020420E0,2.614695168E1,-2.156494856E0,-5.683181763E0,2.684421925E1
5.441019186E0,2.439221382E1,-6.795269012E0,-8.768260002E0,2.679623405E1
5.451017952E0,1.904103470E1,-1.171601295E1,-8.834549904E0,2.403903563E1
5.461016652E0,1.142928028E1,-1.596711349E1,-7.834086895E0,2.114119388E1
5.471015418E0,2.495344162E0,-2.237541389E1,-8.929443359E0,2.422025698E1
5.481014184E0,-7.787483215E0,-2.471736145E1,-1.019514465E1,2.784840797E1
5.491012884E0,-2.352038956E1,-2.333913994E1,-1.208012581E1,3.526830897E1
5.501011650E0,-4.096355820E1,-1.601795197E1,-1.285194874E1,4.582314341E1
5.511010416E0,-5.567720413E1,-9.720758438E0,-6.238193512E0,5.686263503E1
5.521009182E0,-5.177868271E1,-1.345684433E1,-1.824334621E0,5.352986866E1
5.531007948E0,-4.067134476E1,-1.799865150E1,-8.446116447E-1,4.448396463E1
5.541006848E0,-3.477174377E1,-2.008885956E1,2.664107323E0,4.024591795E1
5.551005748E0,-3.075610924E1,-2.505062103E1,1.088969612E1,4.113462472E1
5.561004714E0,-2.755711937E1,-2.891632271E1,1.664461327E1,4.327345257E1
5.571003647E0,-2.187493706E1,-3.249084473E1,1.455263233E1,4.178453027E1
5.581002647E0,-1.001508713E1,-3.740557861E1,5.510003090E0,3.911316167E1
5.591001613E0,1.295445442E1,-3.568224335E1,-9.397138596E0,3.910686121E1
5.601000613E0,2.604879570E1,-2.965298462E1,-1.528512764E1,4.232581223E1
5.610999679E0,3.938635254E1,-1.892371559E1,-1.746968651E1,4.705934259E1
5.620998745E0,4.577025223E1,-1.024540901E1,-1.178285885E1,4.836031594E1
5.630997811E0,4.480814362E1,-3.476050854E0,-2.316236973E0,4.500241791E1
5.640996877E0,4.180266571E1,1.135988235E0,3.586550713E0,4.197161750E1
5.650995943E0,3.810123062E1,4.969921589E0,2.610301018E0,3.851256375E1
5.660995009E0,3.618126297E1,6.473594666E0,-9.230804443E-2,3.675594835E1
5.670994075E0,3.202519989E1,6.853070736E0,-3.979874611E0,3.299117167E1
5.680993075E0,2.876502228E1,4.512740135E0,-6.316132545E0,2.979404069E1
5.690992141E0,2.562614441E1,9.997677803E-1,-7.180299282E0,2.663185143E1
5.700991207E0,2.349962425E1,-2.990700245E0,-7.619443893E0,2.488438372E1
5.710990207E0,1.942097282E1,-7.270290375E0,-8.591696739E0,2.244657124E1
5.720989273E0,1.487010574E1,-1.098908043E1,-8.325301170E0,2.027783453E1
5.730988339E0,7.934525013E0,-1.613336754E1,-7.936973572E0,1.965293324E1
5.740987339E0,1.727546215E0,-2.105215645E1,-8.487223625E0,2.276424108E1
5.750986405E0,-8.145465851E0,-2.479933167E1,-8.018610001E0,2.730665800E1
5.760985471E0,-2.710899353E1,-2.498027802E1,-6.379336357E0,3.741133187E1
5.770984504E0,-4.572519684E1,-1.706956863E1,-6.763591290E0,4.927382638E1
5.780983570E0,-5.416641235E1,-1.243301678E1,-5.940976143E0,5.589163919E1
5.790982636E0,-5.355612564E1,-1.231737709E1,-5.547081947E0,5.523356308E1
5.800981702E0,-4.629716873E1,-1.496392250E1,-2.199063301E-1,4.865588523E1
5.810980768E0,-3.694443893E1,-1.999928284E1,6.670194626E0,4.253650642E1
5.820979768E0,-3.052874756E1,-2.508865166E1,1.166444111E1,4.120077737E1
5.830978834E0,-2.644312096E1,-2.936246109E1,1.518565369E1,4.233198371E1
5.840977734E0,-2.161490440E1,-3.240132141E1,1.315025806E1,4.110935427E1
5.850976600E0,-1.244816971E1,-3.693391037E1,5.721024513E0,3.939290273E1
5.860975466E0,4.998607159E0,-3.830600357E1,-6.388541222E0,3.915545226E1
5.870974299E0,2.315972519E1,-3.136598206E1,-1.582085991E1,4.207727783E1
5.880973132E0,3.777731323E1,-1.994754791E1,-1.905736923E1,4.677834312E1
5.890971965E0,4.117683029E1,-8.736312866E0,-1.619692230E1,4.510204882E1
5.900970698E0,3.735680389E1,-1.829068899E0,-8.570329666E0,3.837091139E1
5.910969431E0,3.347481537E1,1.976078033E0,-9.838285446E-1,3.354751954E1
5.920968164E0,3.379257202E1,4.110721111E0,1.274396896E0,3.406552567E1
5.930966830E0,3.688546371E1,5.360176563E0,6.373682022E-1,3.727834713E1
5.940965563E0,3.864115524E1,4.761939526E0,-2.104246140E0,3.899029108E1
5.950964296E0,3.425948334E1,3.314482212E0,-3.282412052E0,3.457560151E1
5.960962962E0,3.066074753E1,1.120971680E0,-4.226340771E0,3.097095370E1
5.970961695E0,2.792577553E1,-1.659605503E0,-5.894029140E0,2.858920791E1
5.980960428E0,2.423975372E1,-3.807289600E0,-7.582644463E0,2.568185374E1
5.990959094E0,1.794521713E1,-6.944960594E0,-8.797065735E0,2.115778016E1
6.000957827E0,1.194082451E1,-9.861101151E0,-9.371483803E0,1.810108600E1
6.010956593E0,5.836513519E0,-1.375141239E1,-1.011045742E1,1.803850277E1
6.020955359E0,-5.008913279E-1,-1.722427940E1,-1.048262882E1,2.016958602E1
6.030954125E0,-1.139796829E1,-2.040119362E1,-8.284085274E0,2.479412130E1
6.040952891E0,-2.303270531E1,-2.107619476E1,-5.639719486E0,3.172566682E1
6.050951657E0,-3.646442032E1,-1.651338959E1,-3.607616425E0,4.019155236E1
6.060950390E0,-4.728617096E1,-1.161060333E1,-5.459820747E0,4.899589489E1
6.070949123E0,-5.127369690E1,-1.098000336E1,2.817707062E-1,5.243693223E1
6.080947889E0,-4.499155045E1,-1.525322914E1,4.428156853E0,4.771277799E1
6.090946655E0,-3.472787094E1,-1.969213676E1,6.734881401E0,4.048658911E1
6.100945355E0,-2.568173599E1,-2.366517639E1,7.841143608E0,3.579211743E1
6.110944121E0,-1.859184265E1,-2.551617622E1,8.048955917E0,3.258093850E1
6.120942887E0,-1.193748665E1,-2.622968674E1,5.487324715E0,2.933616857E1
6.130941653E0,-5.223334789E0,-2.556607437E1,2.548413277E0,2.621834845E1
6.140940453E0,-9.367456436E-1,-2.415119934E1,4.990386963E-2,2.416941068E1
6.150939219E0,5.925527096E0,-2.158107567E1,-1.474217415E0,2.242828605E1
6.160937985E0,1.572028828E1,-1.722889900E1,-2.658003330E0,2.347397295E1
6.170936751E0,2.448303413E1,-1.081355476E1,-3.384493828E0,2.697789327E1
6.180935451E0,3.186886787E1,-3.276642323E0,-3.904119968E0,3.227387918E1
6.190934217E0,4.023634720E1,2.068865776E0,-4.742734909E0,4.056768882E1
6.200932983E0,4.393780518E1,4.664135933E0,-7.390279770E0,4.479845000E1
6.210931683E0,4.389325714E1,6.670291901E0,-8.730002403E0,4.524736189E1
6.220930449E0,4.045955658E1,6.920444489E0,-9.965105057E0,4.223945536E1
6.230929215E0,3.603725433E1,4.952878475E0,-9.961916924E0,3.771544105E1
6.240927915E0,3.071538544E1,1.980542660E0,-1.002491951E1,3.237061110E1
6.250926681E0,2.680548477E1,-1.542433500E0,-8.697756767E0,2.822346697E1
6.260925447E0,2.356575775E1,-4.252230167E0,-8.905582428E0,2.554869465E1
6.270924213E0,1.958399200E1,-7.737017632E0,-9.656379700E0,2.316548842E1
6.280922979E0,1.382049370E1,-1.148599625E1,-9.608386040E0,2.037781240E1
6.290921745E0,8.107201576E0,-1.599030876E1,-9.262498856E0,2.017945928E1
6.300920511E0,1.588047624E0,-2.021042252E1,-8.982575417E0,2.217362701E1
6.310919244E0,-1.037364388E1,-2.433098412E1,-8.856096268E0,2.789336330E1
6.320917910E0,-2.133655739E1,-2.483490753E1,-7.953400135E0,3.369388501E1
6.330916643E0,-4.173468781E1,-1.896243286E1,-3.729267120E0,4.599201517E1
6.340915376E0,-4.972684097E1,-1.723059464E1,-5.386004448E-1,5.263024031E1
6.350914042E0,-4.946681976E1,-1.571367836E1,-3.309472084E0,5.200806236E1
6.360912808E0,-3.841012573E1,-1.827757072E1,-2.457831860E0,4.260807773E1
6.370911541E0,-2.636533546E1,-2.155925941E1,-2.879878998E0,3.417932538E1
6.380910274E0,-2.198518562E1,-2.217366982E1,2.435340881E-1,3.122626024E1
6.390909007E0,-2.115144730E1,-2.178813934E1,6.094675064E0,3.097179044E1
6.400907740E0,-2.065989685E1,-2.159851074E1,1.051821518E1,3.168532554E1
6.410906473E0,-1.819123077E1,-2.193438530E1,9.702538490E0,3.010278041E1
6.420905239E0,-1.399570465E1,-2.369664764E1,6.020421028E0,2.817190671E1
6.430903939E0,-3.894361019E0,-2.724114609E1,-7.979660034E-1,2.752967195E1
6.440902705E0,1.078582382E1,-2.880991554E1,-7.300068855E0,3.161702444E1
6.450901471E0,3.558101654E1,-2.398494911E1,-1.426294708E1,4.521856014E1
6.460900171E0,3.482391357E1,-2.435502434E1,-1.404232693E1,4.475554840E1
6.470898937E0,4.993881226E1,-1.339796305E0,-1.440766716E1,5.199289275E1
6.480897703E0,4.093944931E1,2.470402241E0,-4.032665730E0,4.121169482E1
6.490896403E0,3.008285332E1,6.190033436E0,1.913551331E0,3.077265436E1
6.500895169E0,2.697128105E1,8.438970566E0,3.490828514E0,2.847546504E1
6.510893935E0,2.708847427E1,7.899736881E0,1.835069656E0,2.827647011E1
6.520892701E0,2.868138885E1,5.765796185E0,-1.315696239E0,2.928476616E1
6.530891467E0,3.047725868E1,3.442664623E0,-3.304705620E0,3.084860314E1
6.540890233E0,2.994476891E1,1.293406487E-1,-5.438771248E0,3.043494942E1
6.550888999E0,2.652869797E1,-3.676122427E0,-7.336824894E0,2.776895193E1
6.560887765E0,2.206962967E1,-6.794229507E0,-8.310888290E0,2.454182089E1
6.570886465E0,1.606499290E1,-1.072130203E1,-8.665170670E0,2.116873867E1
6.580885231E0,9.216955185E0,-1.503808975E1,-8.794019699E0,1.970865771E1
6.590883997E0,3.546947956E0,-2.007342529E1,-1.028974152E1,2.283422920E1
6.600882697E0,-6.075096130E0,-2.415422058E1,-1.146900368E1,2.742027006E1
6.610881463E0,-2.169128609E1,-2.453306198E1,-1.150499916E1,3.470948038E1
6.620880263E0,-3.779080200E1,-2.054852676E1,-9.207431793E0,4.399049293E1
6.630879063E0,-4.942902374E1,-1.799165916E1,-3.804659843E0,5.273901425E1
6.640877863E0,-5.144097519E1,-1.832841110E1,-7.634110451E-1,5.461398519E1
6.650876729E0,-4.270796967E1,-2.023650360E1,5.047316551E0,4.752854043E1
6.660875629E0,-3.295642090E1,-2.352419281E1,8.579423904E0,4.138985190E1
6.670874529E0,-2.659101295E1,-2.509884834E1,1.321143436E1,3.887899376E1
6.680873362E0,-2.465488815E1,-2.541963196E1,1.538442707E1,3.860960755E1
6.690872262E0,-2.300652313E1,-2.661721420E1,1.461137295E1,3.809551703E1
6.700871162E0,-1.797063446E1,-2.895071602E1,8.743119240E0,3.517854168E1
6.710869995E0,-9.771682739E0,-3.232200241E1,9.999084473E-1,3.378161394E1
6.720868861E0,4.666561604E0,-3.493467331E1,-8.532686234E0,3.626313460E1
6.730867727E0,2.606735611E1,-3.140497971E1,-1.663567734E1,4.407409177E1
6.740866527E0,4.084681702E1,-2.162117577E1,-1.947796631E1,5.015305448E1
6.750865393E0,4.811877823E1,-8.612816811E0,-1.024995804E1,4.994656216E1
6.760864259E0,4.183795547E1,-2.865100384E0,-2.363955498E0,4.200251902E1
6.770863125E0,3.652663803E1,2.472730160E0,5.611964226E0,3.703787012E1
6.780861991E0,3.440946960E1,5.567999840E0,5.497308731E0,3.528788211E1
6.790860857E0,3.491535950E1,7.147597313E0,1.794437408E0,3.568459726E1
6.800859723E0,3.440544128E1,7.106176376E0,-1.801902771E0,3.517781952E1
6.810858589E0,3.451624298E1,7.006913662E0,-1.779435158E0,3.526519897E1
6.820857389E0,3.022634506E1,3.031111240E0,-3.698566437E0,3.060227058E1
6.830856255E0,2.764745712E1,2.100248337E-1,-5.057407379E0,2.810699851E1
6.840855121E0,2.415962982E1,-3.547939777E0,-7.145546913E0,2.544276774E1
6.850853921E0,1.713821602E1,-7.950562954E0,-7.619483471E0,2.037121567E1
6.860852787E0,1.026428890E1,-1.156793976E1,-7.561711788E0,1.721488722E1
6.870851653E0,2.701590538E0,-1.539921188E1,-8.153615952E0,1.763280384E1
6.880850519E0,-6.209680557E0,-1.893255806E1,-8.293108940E0,2.158187997E1
6.890849385E0,-1.745819473E1,-1.921032333E1,-9.047810555E0,2.748977922E1
6.900848251E0,-3.006670761E1,-1.719954681E1,-1.112225533E1,3.638043266E1
6.910847117E0,-4.223081970E1,-1.157966614E1,-1.021098804E1,4.496437565E1
6.920845950E0,-4.593510818E1,-9.900848389E0,-7.876510143E0,4.764557036E1
6.930844716E0,-4.288134766E1,-1.327323723E1,-3.280622005E0,4.500834683E1
6.940843549E0,-3.741976929E1,-1.799479294E1,3.566939354E0,4.167462973E1
6.950842315E0,-3.357090759E1,-1.924296951E1,9.071418762E0,3.974403541E1
6.960840981E0,-2.713221550E1,-2.350238228E1,1.324576283E1,3.826185207E1
6.970839714E0,-2.064581299E1,-2.702032852E1,1.118674564E1,3.579791929E1
6.980838447E0,-1.520904636E1,-2.954919434E1,6.851931572E0,3.393256465E1
6.990837113E0,-5.748805523E0,-3.215567017E1,-5.343770981E-1,3.266988594E1
7.000835846E0,1.021937275E1,-3.169312477E1,-9.763763428E0,3.470188487E1
7.010834579E0,3.096413994E1,-2.278835869E1,-1.655104446E1,4.185718967E1
7.020833312E0,4.362453842E1,-1.028678322E1,-1.550479126E1,4.742696294E1
7.030832045E0,4.401496887E1,-1.985860825E0,-7.538968563E0,4.470008026E1
7.040830811E0,4.028028488E1,4.261889458E-1,-6.678113937E-1,4.028807465E1
7.050829577E0,3.333124542E1,3.176474094E0,3.937674522E0,3.371301217E1
7.060828343E0,3.006140327E1,4.104369164E0,4.286559105E0,3.064161226E1
7.070827043E0,2.919253540E1,4.617574215E0,1.761339188E0,2.960791162E1
7.080825809E0,2.999643517E1,3.656548023E0,-1.824687958E0,3.027351899E1
7.090824575E0,2.988608170E1,1.683840275E0,-4.646781921E0,3.029200851E1
7.100823275E0,2.846921539E1,-5.958995819E-1,-5.886833191E0,2.907758804E1
7.110822041E0,2.563275528E1,-3.707659721E0,-7.601068497E0,2.699187148E1
7.120820807E0,2.074556351E1,-7.509647369E0,-8.318974495E0,2.357919730E1
7.130819573E0,1.344505310E1,-1.187716007E1,-8.047716141E0,1.966220027E1
7.140818339E0,7.605492592E0,-1.697285843E1,-8.652997017E0,2.051330783E1
7.150817105E0,-1.618361473E-1,-2.200683212E1,-9.668987274E0,2.403780701E1
7.160815871E0,-7.052423477E0,-2.492073250E1,-9.763900757E0,2.767875256E1
7.170814637E0,-1.827629471E1,-2.499775696E1,-1.056142235E1,3.271780010E1
7.180813337E0,-3.202961349E1,-1.961048126E1,-9.676773071E0,3.878281904E1
7.190812103E0,-4.681930161E1,-1.308456326E1,-8.170685768E0,4.929516106E1
7.200810869E0,-5.440234375E1,-1.087688160E1,-5.763333797E0,5.577757233E1
7.210809569E0,-5.003341293E1,-1.335045719E1,-1.176655293E0,5.179731301E1
7.220808335E0,-3.790733337E1,-1.817232704E1,2.944270134E0,4.214105030E1
7.230807101E0,-2.734418488E1,-2.153574944E1,5.077407837E0,3.517489191E1
7.240805801E0,-2.215098381E1,-2.312360954E1,8.139401436E0,3.303963162E1
7.250804567E0,-2.049468040E1,-2.452372932E1,7.382358551E0,3.280159207E1
7.260803333E0,-1.827663803E1,-2.618352890E1,3.809440613E0,3.215780654E1
7.270802099E0,-1.270995235E1,-2.902866745E1,-1.256049633E0,3.171409913E1
7.280800832E0,-2.638992310E0,-3.179842567E1,-7.372963905E0,3.274850764E1
7.290799598E0,1.458620262E1,-3.038821983E1,-1.380760384E1,3.642596787E1
7.300798364E0,3.563888931E1,-2.181762695E1,-1.888604355E1,4.585653627E1
7.310797130E0,5.095447159E1,-7.020799637E0,-1.712678337E1,5.421232804E1
7.320795830E0,4.671552658E1,8.872852325E-1,-8.200219154E0,4.743807851E1
7.330794596E0,3.620837784E1,1.655496120E0,3.125041008E0,3.638067034E1
7.340793296E0,3.158153725E1,3.433176994E0,7.637587547E0,3.267281657E1
7.350791962E0,3.220231247E1,4.049446106E0,6.141690254E0,3.303191338E1
7.360790695E0,3.424147415E1,3.733208656E0,1.858424187E0,3.449447984E1
7.370789428E0,3.373572540E1,2.705899239E0,-1.233457565E0,3.386653919E1
7.380788161E0,3.133337402E1,4.971251488E-1,-3.356604099E0,3.151657107E1
7.390786894E0,2.648703766E1,-2.873037815E0,-6.198570728E0,2.735397209E1
7.400785627E0,2.261811256E1,-5.822416306E0,-7.983069897E0,2.468215859E1
7.410784360E0,1.752065468E1,-9.630565643E0,-8.945932388E0,2.190321532E1
7.420783093E0,1.177674961E1,-1.342637825E1,-9.006287575E0,2.000181692E1
7.430781759E0,6.828379631E0,-1.847854996E1,-1.008051205E1,2.212917305E1
7.440780492E0,1.571256042E0,-2.344161224E1,-1.180813789E1,2.629467913E1
7.450779258E0,-7.541153908E0,-2.663316727E1,-1.288394165E1,3.053179578E1
7.460777958E0,-1.856049347E1,-2.642883110E1,-1.355878162E1,3.502592740E1
7.470776724E0,-3.398556519E1,-1.901667023E1,-1.090244770E1,4.044151028E1
7.480775490E0,-4.790413284E1,-1.155522346E1,-8.083645821E0,4.993670456E1
7.490774156E0,-4.731949615E1,-1.107238293E1,-7.950821877E0,4.924376050E1
7.500772889E0,-4.595510864E1,-1.121565628E1,3.574581146E-1,4.730529286E1
7.510771655E0,-2.758952904E1,-1.799400330E1,2.182184219E0,3.301103142E1
7.520770421E0,-1.972319412E1,-1.969501686E1,6.456985474E-1,2.788036948E1
7.530769187E0,-1.691087914E1,-1.930578423E1,3.699755669E0,2.593027824E1
7.540767953E0,-1.779980850E1,-1.947717857E1,6.299411774E0,2.712703922E1
7.550766719E0,-1.903234673E1,-2.032630539E1,6.220362663E0,2.853211917E1
7.560765485E0,-1.898975945E1,-2.134229469E1,5.031229973E0,2.900720224E1
7.570764151E0,-1.189180088E1,-2.671243858E1,-6.675624847E-2,2.923993433E1
7.580762951E0,-2.767704725E-1,-3.014036942E1,-6.126296520E0,3.075792547E1
7.590761717E0,1.818425369E1,-3.026093102E1,-1.374927139E1,3.788711512E1
7.600760417E0,3.896998596E1,-2.214939499E1,-1.923277664E1,4.877658456E1
7.610759183E0,4.895754242E1,-1.225664234E1,-1.455047131E1,5.252411310E1
7.620757949E0,4.559425735E1,-6.314794540E0,-5.914324284E0,4.640788904E1
7.630756715E0,3.729963684E1,-2.651106834E0,1.102988434E1,3.898653132E1
7.640755515E0,3.153051186E1,-7.931382656E-1,1.469546127E1,3.479595994E1
7.650754281E0,2.956988525E1,1.367677689E0,1.216362953E1,3.200316452E1
7.660753047E0,2.870100975E1,3.045778275E0,6.496763229E0,2.958433130E1
7.670751847E0,2.613660049E1,3.480142117E0,8.958568573E-1,2.638249105E1
7.680750680E0,2.422005081E1,2.094589233E0,-3.225508213E0,2.452350033E1
7.690749580E0,2.327111244E1,-2.627563477E-2,-6.834606171E0,2.425401423E1
7.700748513E0,2.265437126E1,-2.402997971E0,-9.134119987E0,2.454439008E1
7.710747446E0,2.074564362E1,-6.233538628E0,-1.041004372E1,2.403347131E1
7.720746446E0,1.553719521E1,-1.016080475E1,-9.698826790E0,2.094549186E1
7.730745479E0,7.166984081E0,-1.486375618E1,-8.180139542E0,1.841769778E1
7.740744512E0,-7.719445229E-1,-1.884202766E1,-7.683690071E0,2.036312839E1
7.750743545E0,-9.304392815E0,-2.279283142E1,-9.519433022E0,2.639516044E1
7.760742645E0,-2.121159744E1,-2.182182884E1,-1.079899883E1,3.229152297E1
7.770741711E0,-4.307202911E1,-1.448653126E1,-9.173995972E0,4.635969674E1
7.780740811E0,-5.334104538E1,-1.074599266E1,-6.021306038E0,5.474485918E1
7.790739944E0,-5.354105759E1,-9.799998283E0,-3.042535782E0,5.451551924E1
7.800739077E0,-4.387273788E1,-1.568931198E1,2.974956036E0,4.668856395E1
7.810738177E0,-3.103998184E1,-2.265759468E1,5.191603661E0,3.877885787E1
7.820737210E0,-2.724911499E1,-2.483143616E1,9.459187508E0,3.806035625E1
7.830736310E0,-2.451974678E1,-2.812869263E1,1.393829727E1,3.983362225E1
7.840735376E0,-1.945138550E1,-3.046311569E1,1.308854580E1,3.844044545E1
7.850734409E0,-1.058398247E1,-3.345888138E1,6.864949226E0,3.575814531E1
7.860733509E0,3.368540764E0,-3.630319977E1,-1.895611286E0,3.650839249E1
7.870732642E0,2.867547226E1,-3.359369659E1,-1.109005737E1,4.553908797E1
7.880731742E0,4.465353012E1,-2.003043747E1,-1.570299339E1,5.139786162E1
7.890730842E0,5.070408249E1,-8.868204117E0,-1.290181732E1,5.306605238E1
7.900729908E0,3.932769775E1,-3.204413891E0,-4.258625031E0,3.968717634E1
7.910729008E0,2.966140366E1,1.044956684E0,4.746953964E0,3.005701870E1
7.920728108E0,2.587852478E1,4.237947464E0,5.917159081E0,2.688254108E1
7.930727141E0,2.928466415E1,5.298001766E0,2.985961914E0,2.990946917E1
7.940726241E0,3.209754181E1,5.674839020E0,-1.917083263E0,3.265166453E1
7.950725341E0,3.160344887E1,4.859740257E0,-5.007135391E0,3.236458652E1
7.960724374E0,2.898620224E1,2.418221951E0,-5.712478161E0,2.964253910E1
7.970723440E0,2.522814751E1,-8.837509155E-2,-6.099514008E0,2.595517883E1
7.980722406E0,2.023866653E1,-3.343028069E0,-6.782985210E0,2.160528519E1
7.990721372E0,2.092396736E1,-3.440626621E0,-6.813387394E0,2.227268662E1
8.000720305E0,8.593250275E0,-1.137781143E1,-7.212806225E0,1.597883340E1
8.010719171E0,1.923496723E0,-1.423087692E1,-7.193912029E0,1.606144663E1
8.020718037E0,-4.721709728E0,-1.720836830E1,-8.235503197E0,1.965314212E1
8.030716870E0,-1.280957127E1,-1.871319580E1,-1.027674580E1,2.489739579E1
8.040715636E0,-2.669642448E1,-1.628435135E1,-1.121490669E1,3.322127799E1
8.050714436E0,-4.582305908E1,-1.058634853E1,-8.919893265E0,4.786844488E1
8.060713169E0,-5.444269943E1,-9.258726120E0,-5.174654484E0,5.546628327E1
8.070711869E0,-5.172101593E1,-1.131676865E1,4.751391411E-1,5.294675154E1
8.080710602E0,-5.202419281E1,-1.101280117E1,1.801624298E-1,5.317735313E1
8.090709335E0,-3.179893684E1,-2.319314384E1,8.574612617E0,4.028173640E1
8.100708035E0,-2.587729836E1,-2.730906677E1,1.052795410E1,3.906734590E1
8.110706801E0,-1.861916161E1,-3.022731781E1,8.532069206E0,3.651246535E1
8.120705567E0,-1.359140396E1,-3.167127228E1,5.019279480E0,3.482799041E1
8.130704333E0,-5.377612114E0,-3.315527725E1,-7.243099213E-1,3.359636508E1
8.140703133E0,7.571252823E0,-3.209090424E1,-8.079762459E0,3.394749719E1
8.150701899E0,2.077003860E1,-2.652635956E1,-1.296592808E1,3.609927348E1
8.160700665E0,3.149093819E1,-1.661507225E1,-1.455254364E1,3.846448154E1
8.170699431E0,3.486992264E1,-8.272233963E0,-8.617595673E0,3.685925006E1
8.180698131E0,3.124180031E1,-5.321123600E0,-7.122282982E-1,3.169971154E1
8.190696897E0,2.946739388E1,-3.066347837E0,7.489310265E0,3.055846133E1
8.200695697E0,3.159395027E1,-3.092374802E-1,9.790557861E0,3.307761093E1
8.210694397E0,3.479495621E1,1.198303938E0,6.882262230E0,3.548930040E1
8.220693163E0,3.630194092E1,2.359739542E0,2.268302917E0,3.644920415E1
8.230691929E0,3.463212204E1,2.123623610E0,-1.909668922E0,3.474968330E1
8.240690695E0,3.343490219E1,6.067132950E-1,-3.786546230E0,3.365410403E1
8.250689461E0,3.072988319E1,-9.996514320E-1,-5.102367401E0,3.116663564E1
8.260688227E0,2.766391373E1,-3.378161430E0,-5.942119598E0,2.849583974E1
8.270686993E0,2.328699875E1,-5.843178272E0,-5.373226643E0,2.460281707E1
8.280685759E0,2.380362701E1,-6.049721718E0,-5.374876499E0,2.514162066E1
8.290684459E0,1.370723724E1,-1.099236488E1,-5.516399384E0,1.841605552E1
8.300683225E0,1.122933006E1,-1.288766384E1,-6.518374443E0,1.829423238E1
8.310681991E0,8.508629799E0,-1.487118721E1,-8.025263786E0,1.891966831E1
8.320680691E0,3.260774374E0,-1.699398232E1,-8.877365112E0,1.944828259E1
8.330679457E0,-9.471555948E-1,-1.972415543E1,-1.000889969E1,2.213859715E1
8.340678223E0,-6.369038582E0,-2.111861801E1,-1.145499229E1,2.485513081E1
8.350676923E0,-1.440107727E1,-2.135308456E1,-1.131910324E1,2.813302943E1
8.360675689E0,-2.113362312E1,-2.012479973E1,-9.558646202E0,3.070839149E1
8.370674455E0,-2.681598091E1,-1.898845863E1,-7.526603222E0,3.370917011E1
8.380673221E0,-2.757106209E1,-1.969157600E1,-1.347115993E0,3.390776241E1
8.390671987E0,-2.622770500E1,-2.004887390E1,-4.643216133E-1,3.301613922E1
8.400670720E0,-2.235905266E1,-2.016976738E1,1.346678734E0,3.014233394E1
8.410669453E0,-2.129754829E1,-1.970532608E1,4.669429779E0,2.938858645E1
8.420668186E0,-2.226597595E1,-1.910509491E1,7.896996498E0,3.038323370E1
8.430666852E0,-2.308112526E1,-1.881592941E1,1.081598568E1,3.168222039E1
8.440665585E0,-2.403563690E1,-1.948004913E1,1.328911018E1,3.367171818E1
8.450664318E0,-2.357114983E1,-2.018385124E1,1.348887634E1,3.383691387E1
8.460662984E0,-2.327715302E1,-2.099012375E1,1.109609222E1,3.324957759E1
8.470661717E0,-2.050893784E1,-2.266870499E1,6.169116020E0,3.118564909E1
8.480660450E0,-1.631446457E1,-2.650004959E1,2.598843575E0,3.122768596E1
8.490659183E0,-7.920493603E0,-3.189293098E1,-2.694774628E0,3.297203476E1
8.500657916E0,1.401289082E1,-3.958560181E1,-1.312522888E1,4.399605224E1
8.510656682E0,3.685661697E1,-3.301464081E1,-2.057052231E1,5.358659450E1
8.520655448E0,5.010596085E1,-2.041606331E1,-1.630965805E1,5.651042292E1
8.530654214E0,5.180860138E1,-9.284051895E0,-5.156300068E0,5.288584146E1
8.540652914E0,4.635567093E1,-1.815357447E0,4.736537933E0,4.663237654E1
8.550651680E0,3.678944397E1,2.255265713E0,6.428073883E0,3.741483055E1
8.560650446E0,3.063589859E1,4.964790821E0,4.167263985E0,3.131411055E1
8.570649146E0,2.685421371E1,7.079222202E0,-1.641330719E-1,2.777212849E1
8.580647912E0,2.325943375E1,8.493617058E0,-6.585181713E0,2.562240049E1
8.590646678E0,2.158267593E1,6.583302498E0,-1.122912979E1,2.520406967E1
8.600645378E0,2.057064819E1,4.555786133E0,-1.296486759E1,2.473852352E1
8.610644144E0,2.058501053E1,2.257309437E0,-1.412181664E1,2.506519119E1
8.620642910E0,1.904483223E1,-1.228169918E0,-1.545739365E1,2.455901167E1
8.630641676E0,1.426521397E1,-4.571349144E0,-1.547211456E1,2.153554948E1
8.640640442E0,9.078665733E0,-8.764743805E0,-1.472397041E1,1.939170467E1
8.650639208E0,2.505275011E0,-1.395489216E1,-1.436028481E1,2.018001977E1
8.660637974E0,-5.966830730E0,-1.823599625E1,-1.267957306E1,2.299839562E1
8.670636740E0,-1.927881432E1,-2.185374451E1,-9.222269058E0,3.056646982E1
8.680635440E0,-3.947915649E1,-1.950565529E1,-2.851108551E0,4.412712551E1
8.690634173E0,-5.339939499E1,-1.357881546E1,3.898418427E0,5.523655747E1
8.700632939E0,-4.984145355E1,-1.592948627E1,2.211915016E0,5.237185879E1
8.710631639E0,-4.372439575E1,-2.186227417E1,5.236627579E0,4.916506976E1
8.720630405E0,-3.722801971E1,-2.719820976E1,1.384703827E1,4.813946962E1
8.730629171E0,-2.964183998E1,-3.179810715E1,2.026753235E1,4.796385267E1
8.740627937E0,-2.169353104E1,-3.565511322E1,2.144750977E1,4.692432272E1
8.750626703E0,-1.059545898E1,-3.887021255E1,1.537093449E1,4.312102506E1
8.760625503E0,4.505657196E0,-4.156121063E1,3.706035614E0,4.196867732E1
8.770624303E0,2.124542427E1,-3.540754318E1,-7.080210686E0,4.189500627E1
8.780623203E0,3.100836182E1,-2.380239868E1,-1.202552700E1,4.089848390E1
8.790622103E0,3.425380325E1,-8.922112465E0,-9.254713058E0,3.658656641E1
8.800621069E0,2.915744019E1,-2.639151335E0,-5.630493164E0,2.981314964E1
8.810620035E0,2.267142296E1,5.191235542E-1,-1.731326580E0,2.274335947E1
8.820618968E0,1.708262825E1,2.943344116E0,-2.580797672E0,1.752540953E1
8.830617968E0,1.237661743E1,4.109187126E0,-3.666560173E0,1.354657674E1
8.840617034E0,1.030973053E1,3.848176003E0,-4.175949097E0,1.177019766E1
8.850616034E0,8.291159630E0,2.718721390E0,-2.257649422E0,9.012866077E0
8.860615100E0,6.834537983E0,1.144567013E0,-5.059595108E-1,6.948160772E0
8.870614133E0,6.061177254E0,-1.213593483E-1,-5.556821823E-2,6.062646750E0
8.880613199E0,5.795482635E0,-4.700942039E-1,-3.399219513E-1,5.824444563E0
8.890612265E0,4.864621162E0,1.300859451E-1,6.225118637E-1,4.906014923E0
8.900611331E0,4.775542736E0,3.922319412E-2,8.046855927E-1,4.843022381E0
8.910610397E0,5.202661037E0,-3.434877396E-1,4.904904366E-1,5.237007406E0
8.920609463E0,5.854837418E0,-3.957281113E-1,-2.226214409E-1,5.872417069E0
8.930608429E0,6.001760483E0,-7.674407959E-2,-1.304996490E0,6.142477870E0
8.940607495E0,5.033937931E0,4.193434715E-1,-2.616919994E0,5.688993786E0
8.950606561E0,2.970527172E0,5.583877563E-1,-3.602924824E0,4.702860390E0
8.960605561E0,7.888163328E-1,1.013703346E-1,-3.431551695E0,3.522506804E0
8.970604627E0,-8.638054729E-1,-7.671246529E-1,-2.231793880E0,2.513074621E0
8.980603693E0,-1.914382339E0,-1.848574162E0,-7.950029373E-1,2.777429718E0
8.990602793E0,-2.672975302E0,-2.651036739E0,2.498221397E-1,3.772956912E0
9.000601859E0,-3.308624506E0,-3.056688786E0,1.061385155E0,4.627837605E0
9.010600925E0,-3.145870686E0,-3.302325726E0,1.409586430E0,4.773760726E0
9.020599991E0,-3.084223032E0,-3.279849529E0,1.374400139E0,4.707315624E0
9.030599057E0,-2.383257389E0,-4.069259167E0,3.301948547E0,5.756878508E0
9.040598023E0,-1.721549511E0,-4.441894531E0,3.970430851E0,6.201490215E0
9.050597089E0,5.080139041E-1,-5.496586323E0,5.312159538E0,7.660912367E0
9.060596122E0,-3.816045523E-1,-4.371808052E0,4.344349384E0,6.175086983E0
9.070595088E0,-2.067704201E-1,-3.662225246E0,2.140287876E0,4.246819981E0
9.080594021E0,-2.508465052E-1,-2.967531204E0,4.841995239E-1,3.017219680E0
9.090592887E0,-2.565217018E-2,-2.313271999E0,-1.013071060E0,2.525509523E0
9.100591687E0,1.074374676E0,-2.527456284E0,4.279446602E-1,2.779469885E0
9.110590520E0,1.633077025E0,-2.271871090E0,8.317499161E-1,2.918929040E0
9.120589320E0,2.517506599E0,-2.463567734E0,1.815820694E0,3.962853801E0
9.130588120E0,1.756314874E0,-2.242616653E0,1.757961750E0,3.347297552E0
9.140586853E0,5.869263411E-1,-1.831131935E0,1.221471786E0,2.278051803E0
9.150585586E0,-4.250071049E-1,-1.594499111E0,8.582339287E-1,1.860006433E0
9.160584319E0,-6.744098663E-1,-1.480915070E0,7.775712013E-1,1.803484151E0
9.170583085E0,-7.704184055E-1,-1.312594414E0,5.627412796E-1,1.622691087E0
9.180581751E0,-8.873079419E-1,-1.104589939E0,3.632950783E-1,1.462674821E0
9.190580484E0,-6.749389172E-1,-1.284131527E0,3.877534866E-1,1.501628811E0
9.200579217E0,-3.688989282E-1,-1.427803040E0,3.405671120E-1,1.513503848E0
9.210577883E0,-3.552961648E-1,-1.216822147E0,3.931975365E-1,1.327213549E0
9.220576616E0,-2.649350762E-1,-9.856867790E-1,8.537416458E-1,1.330655409E0
9.230575416E0,-2.986099422E-1,-1.013959885E0,8.219499588E-1,1.338986288E0
9.240574182E0,-3.805416524E-1,-1.086217403E0,6.808352470E-1,1.337242248E0
9.250572948E0,-4.528960288E-1,-1.103228092E0,6.186699867E-1,1.343495288E0
9.260571714E0,-4.509700537E-1,-1.203360081E0,6.941041946E-1,1.460558149E0
9.270570480E0,-1.861618757E-1,-1.435759544E0,1.149580002E0,1.848674091E0
9.280569246E0,2.721422315E-1,-1.805429459E0,1.410906315E0,2.307443077E0
9.290567946E0,9.544717669E-1,-2.234771729E0,2.174606323E0,3.261001946E0
9.300566712E0,1.067183852E0,-1.985545158E0,3.214992046E0,3.926505419E0
9.310565478E0,1.451198220E0,-2.013463974E0,2.901175022E0,3.817961492E0
9.320564178E0,1.851075053E0,-2.332853317E0,2.680008888E0,4.006386289E0
9.330562944E0,1.622410297E0,-2.242120743E0,2.470877647E0,3.710061583E0
9.340561744E0,9.126948118E-1,-1.832372665E0,1.809778690E0,2.732379972E0
9.350560444E0,3.386311531E-1,-1.555410385E0,1.484801769E0,2.176834587E0
9.360559210E0,-2.298003435E-2,-1.638047695E0,1.360525608E0,2.129497186E0
9.370557976E0,-1.740627289E-1,-1.818085670E0,1.533867359E0,2.385053965E0
9.380556742E0,-1.176512241E-1,-2.004406452E0,1.930895805E0,2.785649951E0
9.390555508E0,-6.656694412E-2,-2.183463573E0,2.476680279E0,3.302406628E0
9.400554274E0,-1.145887375E-1,-2.197687149E0,2.615647316E0,3.418270069E0
9.410553040E0,-1.245207191E-1,-2.158092022E0,2.587515354E0,3.371661652E0
9.420551806E0,-1.239643693E-1,-2.090961933E0,2.416563034E0,3.198009673E0
9.430550506E0,-1.745570898E-1,-1.985099792E0,2.150022507E0,2.931499300E0
9.440549272E0,-1.457511187E-1,-1.897050858E0,2.004104137E0,2.763417945E0
9.450548038E0,-2.041816711E-3,-1.770337582E0,2.036499023E0,2.698412051E0
9.460546738E0,1.794059277E-1,-1.647231579E0,2.040092468E0,2.628219100E0
9.470545504E0,3.935864568E-1,-1.604259014E0,1.973769665E0,2.573776209E0
9.480544270E0,3.572846651E-1,-1.628520489E0,1.984257698E0,2.591719492E0
9.490543003E0,4.074199200E-1,-1.615317345E0,2.090451717E0,2.673056209E0
9.500541769E0,4.122084975E-1,-1.516489506E0,2.088436127E0,2.613660598E0
9.510540535E0,3.972589970E-1,-1.419485092E0,1.728499889E0,2.271665580E0
9.520539301E0,6.194123030E-1,-1.305463791E0,1.398950100E0,2.011210753E0
9.530538034E0,6.552340984E-1,-1.201891422E0,1.334710121E0,1.911890641E0
9.540536700E0,7.099883556E-1,-1.290903091E0,1.486602783E0,2.092964905E0
9.550535433E0,5.832156539E-1,-1.417860508E0,1.826384068E0,2.384564464E0
9.560534133E0,4.828458428E-1,-1.535150528E0,2.136772633E0,2.674999913E0
9.570532799E0,3.790941834E-1,-1.675243855E0,2.300480843E0,2.870952190E0
9.580531532E0,2.440123558E-1,-1.718528271E0,2.228288651E0,2.824562224E0
9.590530265E0,2.159523964E-1,-1.740124702E0,2.045332909E0,2.694077973E0
9.600528931E0,2.877672315E-1,-1.772692204E0,1.824406147E0,2.560020589E0
9.610527664E0,4.768636227E-1,-1.848977089E0,1.782110691E0,2.611902315E0
9.620526364E0,4.764056802E-1,-1.917874336E0,1.900167942E0,2.741503702E0
9.630525097E0,3.577173948E-1,-1.976450443E0,1.997933388E0,2.833029458E0
9.640523863E0,3.144744039E-1,-2.010654449E0,2.111863136E0,2.932846974E0
9.650522629E0,2.956335545E-1,-1.978675365E0,2.030850887E0,2.850773707E0
9.660521395E0,3.104396462E-1,-1.919869423E0,1.969475746E0,2.767870317E0
9.670520161E0,3.082471490E-1,-1.886947155E0,1.877537727E0,2.679689122E0
9.680518861E0,4.342768192E-1,-1.880189419E0,1.786623001E0,2.629777624E0
9.690517627E0,5.629875064E-1,-1.839390755E0,1.760966778E0,2.607933525E0
9.700516393E0,6.532997489E-1,-1.823590755E0,1.820982456E0,2.658620114E0
9.710515093E0,6.947552562E-1,-1.846960545E0,1.743522644E0,2.633214638E0
9.720513826E0,7.403541803E-1,-1.818253517E0,1.712495327E0,2.605150746E0
9.730512592E0,6.544910669E-1,-1.825314045E0,1.623814583E0,2.529210098E0
9.740511358E0,5.323362947E-1,-1.779203892E0,1.457556248E0,2.360808894E0
9.750510124E0,4.909296632E-1,-1.744078159E0,1.431006908E0,2.308809505E0
9.760508890E0,4.861939549E-1,-1.802159309E0,1.536979198E0,2.417947021E0
9.770507656E0,3.707494736E-1,-1.810829163E0,1.683765411E0,2.500324657E0
9.780506389E0,2.842649817E-1,-1.773033619E0,1.913066387E0,2.623790730E0
9.790505122E0,2.749660611E-1,-1.806751251E0,2.065662861E0,2.758064443E0
9.800503888E0,3.867238164E-1,-1.867301941E0,2.001614094E0,2.764567024E0
9.810502654E0,4.968542457E-1,-1.921755791E0,2.049768925E0,2.853342269E0
9.820501354E0,3.528019786E-1,-1.914287090E0,2.024600506E0,2.808553277E0
9.830500120E0,3.336101770E-1,-2.026641369E0,2.050194740E0,2.902045737E0
9.840498886E0,1.828129888E-1,-2.029006004E0,2.066797733E0,2.902057688E0
9.850497619E0,8.305462599E-1,-1.842045307E0,-9.905142784E-1,2.250345871E0
9.860496452E0,7.088826895E-1,-1.559412479E0,1.332497597E-1,1.718149425E0
9.870495285E0,7.376154065E-1,-1.604643345E0,1.142009735E0,2.103126955E0
9.880494085E0,8.797321916E-1,-1.942395210E0,2.092423439E0,2.987484515E0
9.890492985E0,1.120692611E0,-2.106585026E0,2.617338657E0,3.541767080E0
9.900491885E0,8.406042457E-1,-2.023593426E0,2.767118454E0,3.529658679E0
9.910490785E0,4.122996926E-1,-2.023303986E0,2.503252506E0,3.244999717E0
9.920489718E0,3.252655864E-1,-2.105726719E0,2.623287678E0,3.379574079E0
9.930488551E0,3.469643593E-1,-2.132857800E0,2.982831001E0,3.683306591E0
9.940487417E0,5.540796518E-1,-2.253785133E0,3.493393421E0,4.194085035E0
9.950486283E0,8.161394596E-1,-2.262979031E0,3.464220524E0,4.217580058E0
9.960485083E0,8.456096649E-1,-2.194064617E0,2.510338306E0,3.439589171E0
9.970483949E0,1.009839296E0,-2.014373302E0,1.567739964E0,2.745047140E0
9.980482815E0,1.086990356E0,-1.788488865E0,1.431804180E0,2.535804343E0
